{
  // Run mode:
  // {"encrypted"-input files are encrypted,
  //  "decrypted"-input files are dencrypted,
  //  "logonly"-task does nothing but writing a message to Logentries}
  "runMode": "decrypted",

  // Batch
  "batchAccountName": "ldmetlbatchdev",
  "batchAccountKey": "8BT2lWMLJVj4Gktg9U0ZT0ZYu4pXjRBq21vrOV8CcxwOEebMVcQ94KMvKHveMVamHcOUT9TmfelA3OnKUHWVfw==",
  "batchServiceUrl": "https://ldmetlbatchdev.eastus.batch.azure.com",
  "poolTargetNodeCount": 1,
  "poolNodeVirtualMachineSize": "standard_d2_v3",
  //"poolNodeVirtualMachineSize": "standard_d2_v2", //0.25h
  //https://raw.githubusercontent.com/MicrosoftDocs/azure-cloud-services-files/master/GuestOS/GuestOSFeed.xml
  "poolOSFamily": "6",
  "poolId": "Pool-Sam",
  "clientId": "Sam",
  "shouldDeleteJob": true,
  "shouldDeletePool": true,
  "PoolResizeTimeoutMin": 30,
  "taskTimeOutHrs": 24,
  "taskCommandLine": "cmd /c {0}\\Sam.ETL.exe {1} {2} {3} {4} ",
  "NotificationTaskCommandLine": "cmd /c {0}\\DAC.ETL.Email.exe {1} ",
  "childReferenceTypes": "{'PHARMACY':'PHM','OPTICAL':'OPT','HEARING_AID_CENTER':'HAC','GAS':'GAS','BAKERY':'BAK','CAFE':'CAF','FLORAL':'FLO','TIRES_&_BATTERIES':'AUT','MOBILE_WIRELESS':'WIR'}",

  // Storage
  "storageAccountName": "ldmetldev",
  "storageAccountKey": "AgcorrfoHxjdll4UkgJB/uPXaoUogFwMUEhy1+sKaWXO0VrC57jeMLDX76cQGL/SA6GU2GiRbQjjC//910prKQ==",
  "storageServiceUrl": "core.windows.net",
  "blobContainer": "sam-ldm-etl",
  "emailContainer": "sam-ldm-etl-email",
  "blobSharedAccessExpiryTime": 48,
  "metaDataTable": "samETLMetaData",
  "storageTable": "samETLFileInfo",
  "reportMetaDataTable": "samETLReportMetaData",
  "inputFilesDownloadFolder": "InputFiles",
  "FileNamePrefix": "Original",

  // ================= Client service details
  "ServiceBaseUrl": "https://api.samsclub.com/",
  "ServicePath": "clubs/",
  "ClubListServicePath": "clubs/search",
  "ChannelIdKey": "sams-channel-id",
  "ChannelIdValue": "web",
  "ConsumerAppIdKey": "sams-consumer-app-id",
  "ConsumerAppIdValue": "a534a3c4-4c87-45be-a96b-dc56f30746f1",
  "CorrelationIdKey": "sams-svc-correlation-id",
  "UserAgentIdKey": "User-Agent",
  "UserAgentIdValue": "Sam's Club ETL",
  "httpTimeoutSec": 600,
  "IgnoreLocations": "4039,6214",

  // AppPackage
  "AppPackageId": "samEtl",
  "AppPackageVersion": "2.0",
  "NotificationAppPackageId": "samNotification",
  "NotificationAppPackageVersion": "2.0",

  // Logging
  "LogEventLevel": "Debug",
  "LogEntriesToken": "c2a0b8a4-0cca-45bd-ab7f-049adbdc6d9a"
}
