{
   "status": "200",
   "header": {
      "headerAttributes": {}
   },
   "errors": [],
   "payload": {
      "address": {
         "address1": "1225 Concord Ave.",
         "city": "Concord",
         "country": "US",
         "postalCode": "94520",
         "state": "CA"
      },
      "clubAttributes": {
         "isPrepayCNP": true,
         "deliveryGSCCode": 2038346,
         "isDriveThroughPickup": false,
         "isMandatoryPrepay": true,
         "isClubEnabledForRegularDelivery": false,
         "isDeleted": false,
         "atdLocationNumber": "901015",
         "isExitKiosk": false,
         "isTemporarilyClosed": false,
         "isPrepayTires": false,
         "globalLocationNumber": "0605388005069",
         "isClubEnabledForCorporateDelivery": false,
         "isCNPClub": true,
         "isWarpEnabledClub": false,
         "isEntryBleBeacon": false,
         "minimumPickupTimeBuffer": 4,
         "isGIFEnabled": true,
         "noOfParkingSpots": 8,
         "isInstacartEnabled": true,
         "isMobileCheckinEnabled": true,
         "isScanNGo": true,
         "isSameDayPickup": true,
         "isCurbSideClub": true,
         "clubMessage": "",
         "isPickUpThresholdEnabled": false
      },
      "events": [
         {
            "id": "1",
            "message": "Cooking is made easy with Chef Shamy Gourmet Butters. They’re all natural, made from 100% butter, and free from oils, preservatives, GMOs and gluten. Plus, they’re Kosher and Halal certified. Come sample the Parmesan Basil Garlic, Strawberry and Cinnamon Honey flavors.",
            "title": "CHEF SHAMY GOURMET BUTTERS",
            "startDate": "4/17/21",
            "endDate": "4/23/21",
            "imageURL": null
         },
         {
            "id": "2",
            "message": "Try a variety of handmade Mediterranean focaccia breads and pastries. Get special members-only prices when you buy three.",
            "title": "MEDITERREAN FOCACCIA",
            "startDate": "4/27/21",
            "endDate": "7/1/21",
            "imageURL": null
         },
         {
            "id": "3",
            "message": "See the beauty of H&B Pottery in person. Made in Mexico, each piece is hand painted, waterproof, weather resistant and plant safe. ",
            "title": "INDOOR & OUTDOOR POTTERY",
            "startDate": "4/27/21",
            "endDate": "5/11/21",
            "imageURL": null
         },
         {
            "id": "4",
            "message": "Come sample over 20 flavors of gourmet popcorn, popped fresh daily. From cheddar and caramel to bacon and jalapeno, this non-gmo and gluten free treat makes a great snack.",
            "title": "BELLE'S GOURMET POPCORN",
            "startDate": "5/13/21",
            "endDate": "7/11/21",
            "imageURL": null
         },
         {
            "id": "5",
            "message": "Sample candied and spiced confections including signature copper-kettle-roasted nuts, praline pecans and chipotle roasted cashews. Try other bestsellers like world-class dark chocolate, milk chocolate and sugar-free chocolate. Available in a 3-pack.",
            "title": "WE'RE NUTS EVENT",
            "startDate": "5/13/21",
            "endDate": "5/30/21",
            "imageURL": null
         },
         {
            "id": "6",
            "message": "Protect yourself from the sun’s harmful rays with lightweight protective clothing for men, women and children. Find hats, shirts, suits and more in a variety of sizes.",
            "title": "SUN PROTECTION ZONE - SUN CARE CLOTHING & ACCESSORIES",
            "startDate": "5/14/21",
            "endDate": "7/12/21",
            "imageURL": null
         }
      ],
      "gecOrgId": "77a503ff-29a6-4a8a-b95c-f2655ef87898",
      "geoPoint": {
         "longitude": -122.054955,
         "latitude": 37.98159
      },
      "goldkeyHours": {
         "saturdayHrs": {
            "startHrs": "08:00",
            "endHrs": "09:00"
         },
         "monToFriHrs": {
            "startHrs": "08:00",
            "endHrs": "10:00"
         }
      },
      "id": 6612,
      "isActive": true,
      "name": "Concord Sam's Club",
      "operationalHours": {
         "saturdayHrs": {
            "startHrs": "09:00",
            "endHrs": "20:00"
         },
         "sundayHrs": {
            "startHrs": "10:00",
            "endHrs": "18:00"
         },
         "monToFriHrs": {
            "startHrs": "10:00",
            "endHrs": "20:00"
         }
      },
      "phone": "925 687 1400",
      "popularServices": [
         {
            "name": "PHARMACY",
            "displayName": "Pharmacy",
            "description": [
               "Fast and easy refills using the app",
               "Flu shot and immunizations",
               "Manage all family prescriptions"
            ]
         },
         {
            "name": "MEAT",
            "displayName": "Meat, Poultry, & Seafood",
            "description": [
               "Butcher Guild-certified associates",
               "All natural products of the USA",
               "Available by case or family-size package"
            ]
         },
         {
            "name": "BAKERY",
            "displayName": "Bread & Bakery",
            "description": [
               "Professional cake decorators onsite",
               "Rolls, croissants & bread baked daily",
               "Order and reserve cakes for any occasion"
            ]
         }
      ],
      "services": [
         {
            "name": "PHARMACY",
            "displayName": "Pharmacy",
            "operationalHours": {
               "saturdayHrs": {
                  "startHrs": "09:00",
                  "endHrs": "17:00"
               }
            },
            "phone": "925 349 2472",
            "serviceLink": "https://www.samsclub.com/c/pharmacy-health-beauty/1585?xid=loc_carousel_services-at-your-club_1_1xid=loc_carousel_services-at-your-club_1_1"
         },
         {
            "name": "MEAT",
            "displayName": "Meat, Poultry, & Seafood",
            "operationalHours": {},
            "serviceLink": "https://www.samsclub.com/c/meat-poultry-seafood/1545?xid=loc_carousel_services-at-your-club_1_2"
         },
         {
            "name": "BAKERY",
            "displayName": "Bread & Bakery",
            "operationalHours": {},
            "serviceLink": "https://www.samsclub.com/c/bread-bakery/1445"
         },
         {
            "name": "CAFE",
            "displayName": "Cafe",
            "operationalHours": {
               "saturdayHrs": {
                  "startHrs": "10:00",
                  "endHrs": "19:00"
               },
               "sundayHrs": {
                  "startHrs": "10:00",
                  "endHrs": "18:00"
               },
               "monToFriHrs": {
                  "startHrs": "10:00",
                  "endHrs": "19:00"
               }
            },
            "serviceLink": "https://www.samsclub.com/content/cafe-menu?xid=locator_club-details_services"
         },
         {
            "name": "FLORAL",
            "displayName": "Fresh Flowers",
            "operationalHours": {},
            "serviceLink": "https://www.samsclub.com/c/flowers/1240?xid=loc_carousel_services-at-your-club_1_5"
         },
         {
            "name": "LIQUOR",
            "displayName": "Liquor",
            "operationalHours": {},
            "serviceLink": "https://www.samsclub.com/c/alcohol/1040209?xid=loc_carousel_services-at-your-club_1_6"
         },
         {
            "name": "TIRES_&_BATTERIES",
            "displayName": "Auto & Tires",
            "operationalHours": {
               "saturdayHrs": {
                  "startHrs": "08:00",
                  "endHrs": "19:00"
               },
               "sundayHrs": {
                  "startHrs": "10:00",
                  "endHrs": "18:00"
               },
               "monToFriHrs": {
                  "startHrs": "08:00",
                  "endHrs": "19:00"
               }
            },
            "serviceLink": "https://www.samsclub.com/c/tire-search/1056"
         },
         {
            "name": "MOBILE_WIRELESS",
            "displayName": "Wireless",
            "operationalHours": {
               "saturdayHrs": {
                  "startHrs": "11:00",
                  "endHrs": "19:00"
               },
               "sundayHrs": {
                  "startHrs": "11:00",
                  "endHrs": "18:00"
               },
               "mondayHrs": {
                  "startHrs": "11:00",
                  "endHrs": "19:00"
               },
               "tuesdayHrs": {
                  "startHrs": "13:00",
                  "endHrs": "19:00"
               },
               "wednesdayHrs": {
                  "startHrs": "13:00",
                  "endHrs": "19:00"
               },
               "thursdayHrs": {
                  "startHrs": "11:00",
                  "endHrs": "19:00"
               }
               //"fridayHrs": {
               //   "startHrs": "11:00",
               //   "endHrs": "19:00"
               //}
            },
            "serviceLink": "https://www.samsclub.com/c/cell-phone-accessories/3800103?xid=loc_carousel_services-at-your-club_1_8"
         },
         {
            "name": "PROPANE_EXCHANGE",
            "displayName": "Propane Exchange",
            "operationalHours": {},
            "serviceLink": "https://www.samsclub.com/c/charcoal-and-propane-grilling/110103?xid=loc_carousel_services-at-your-club_1_9"
         }
      ],
      "timeZone": "PST"
   }
}