{
  // Run mode:
  // {"encrypted"-input files are encrypted,
  //  "decrypted"-input files are dencrypted,
  //  "logonly"-task does nothing but writing a message to Logentries}
  "runMode": "decrypted",

  // Batch
  "batchAccountName": "ldmetlbatchdev",
  "batchAccountKey": "8BT2lWMLJVj4Gktg9U0ZT0ZYu4pXjRBq21vrOV8CcxwOEebMVcQ94KMvKHveMVamHcOUT9TmfelA3OnKUHWVfw==",
  "batchServiceUrl": "https://ldmetlbatchdev.eastus.batch.azure.com",
  "poolTargetNodeCount": 2,
  "poolNodeVirtualMachineSize": "standard_a1_v2",
  //"poolNodeVirtualMachineSize": "standard_d2_v2", //0.25h
  //https://raw.githubusercontent.com/MicrosoftDocs/azure-cloud-services-files/master/GuestOS/GuestOSFeed.xml
  "poolOSFamily": "6",
  "nodeAgentSkuId": "batch.node.windows amd64",
  "imageReferencePublisher": "MicrosoftWindowsServer",
  "imageReferenceOffer": "WindowsServer",
  "imageReferenceSku": "2022-datacenter-smalldisk",
  "imageReferenceVersion": "latest",
  "poolId": "Pool-SanMarina",
  "clientId": "SanMarina",
  "shouldDeleteJob": true,
  "shouldDeletePool": true,
  "PoolResizeTimeoutMin": 30,
  "taskTimeOutHrs": 24,
  "taskCommandLine": "cmd /c {0}\\SanMarina.ETL.exe {1} {2} {3} {4} ",
  "NotificationTaskCommandLine": "cmd /c {0}\\DAC.ETL.Email.exe {1} ",

  // Storage
  "storageAccountName": "ldmetldev",
  "storageAccountKey": "AgcorrfoHxjdll4UkgJB/uPXaoUogFwMUEhy1+sKaWXO0VrC57jeMLDX76cQGL/SA6GU2GiRbQjjC//910prKQ==",
  "storageServiceUrl": "core.windows.net",
  "blobContainer": "sanmarina-ldm-etl",
  "emailContainer": "sanmarina-ldm-etl-email",
  "blobSharedAccessExpiryTime": 48,
  "metaDataTable": "SanMarinaETLMetaData",
  "storageTable": "SanMarinaETLFileInfo",
  "reportMetaDataTable": "SanmarinaETLReportMetaData",
  "inputFilesDownloadFolder": "InputFiles",
  "blobStorageConnectionString": "DefaultEndpointsProtocol=https;AccountName=ldmetldev;AccountKey=AgcorrfoHxjdll4UkgJB/uPXaoUogFwMUEhy1+sKaWXO0VrC57jeMLDX76cQGL/SA6GU2GiRbQjjC//910prKQ==;EndpointSuffix=core.windows.net",

  // ================= Client service details
  // "-1" means ignore this parameter altogether
  // "lastSyncDaysBack": "1",
  "serviceBaseUrl": "",
  "servicePath": "",
  "httpTimeoutSec": 600,

  // AppPackage
  "AppPackageId": "sanmarinaEtl",
  "AppPackageVersion": "1.0",
  "NotificationAppPackageId": "sanmarinaNotification",
  "NotificationAppPackageVersion": "1.0",

  // Logging
  "LogEventLevel": "Debug",
  "LogEntriesToken": "d93da6fc-1248-4463-aef9-883e89522d92",

  // Ftp
  "ftpHost": "sftp.dacgroup.com",
  "ftpPath": "/SanMarina/Dev",
  "ftpLogin": "LdmFtpTestUser4dacgroup.com",
  "ftpPassword": "DgJ5@7l%",
  "ftpPort": 22,
  "ftpDataConnectionReadTimeout": 280000,
  "ftpDataConnectionConnectTimeout": 280000,
  "ftpClientFileNamePart": "SanMarina_Locations_YYYYMMDDHHSS.csv",

  //pipeline variable
  "BuildId": "",

  // Email Notification
  "EnvironmentDisplayName": "Test",
  "NotificationEmailSender": "etl-noreply@dacgroup.com",
  "Sender": "emathew@dacgroup.com",
  "EmailAPIAccessKey": "E11FDDFF-F23E-4EF3-89AB-B1FE4FB26724",
  "MaxFailures": "5",
  "MailRecipients": "LDMNotification@dacgroup.com",
  "EMailAPIUrl": "https://coreservices-email-api-beta.azurewebsites.net/",
  "Subject": "Locations ETL Notification",
  "Title": "SanMarina_ETL Notification"


}
