[
	{
		"id": "2",
		"brand_id": "1",
		"brand": "Tien21",
		"territorial_id": "33",
		"territorial": "DIVELSA",
		"language_id": "1",
		"language_name": "Castellano",
		"province_id": "46",
		"province": "valEncia   ho-ho",
		"comunity_id": "17",
		"comunity": "Comunidad Valenciana",
		"top_ten": "0",
		"code": "1006 ",
		"name": "Tien21 Saizval",
		"name_tax": "D. FRANCISCO JAVIER SAIZ VALVERDE   ",
		"cif": "52630415K",
		"cp": "46970 ",
		"city": "Alaquàs",
		"address": "Avda. Miguel Hernández, 8",
		"lat": "39.458107",
		"lng": "-0.454536",
		"phone1": "961089969",
		"phone2": "0",
		"fax": "0",
		"whatsapp": "",
		"email1": "",
		"email2": "saizvalelectrodomesticos@gmail.com",
		"responsible_name1": "FCO. JAVIER SAIZ",
		"responsible_name2": "",
		"created_at": "1900-01-01 00:00:00",
		"updated_at": "2020-05-12 15:45:09",
		"ecommerce_name": "MONICA",
		"ecommerce_phone": "961089969",
		"ecommerce_email": "saizvalelectrodomesticos@gmail.com",
		"weekday_observations": "",
		"opening_hours": [
			{
				"openDay": "MONDAY",
				"openTime": "10:00",
				"closeTime": "14:00",
				"closeDay": "MONDAY"
			},
			{
				"openDay": "MONDAY",
				"openTime": "17:30",
				"closeTime": "20:30",
				"closeDay": "MONDAY"
			},
			{
				"openDay": "TUESDAY",
				"openTime": "10:00",
				"closeTime": "14:00",
				"closeDay": "TUESDAY"
			},
			{
				"openDay": "TUESDAY",
				"openTime": "17:30",
				"closeTime": "20:30",
				"closeDay": "TUESDAY"
			},
			{
				"openDay": "WEDNESDAY",
				"openTime": "10:00",
				"closeTime": "14:00",
				"closeDay": "WEDNESDAY"
			},
			{
				"openDay": "WEDNESDAY",
				"openTime": "17:30",
				"closeTime": "20:30",
				"closeDay": "WEDNESDAY"
			},
			{
				"openDay": "THURSDAY",
				"openTime": "10:00",
				"closeTime": "14:00",
				"closeDay": "THURSDAY"
			},
			{
				"openDay": "THURSDAY",
				"openTime": "17:30",
				"closeTime": "20:30",
				"closeDay": "THURSDAY"
			},
			{
				"openDay": "FRIDAY",
				"openTime": "10:00",
				"closeTime": "14:00",
				"closeDay": "FRIDAY"
			},
			{
				"openDay": "FRIDAY",
				"openTime": "17:30",
				"closeTime": "20:30",
				"closeDay": "FRIDAY"
			},
			{
				"openDay": "SATURDAY",
				"openTime": "10:00",
				"closeTime": "13:30",
				"closeDay": "SATURDAY"
			}
		],
		"special_hours": [],
		"contract_signed": "1",
		"is_drop_point": "1",
		"is_my_business": "0",
		"is_sales_allocation": "1",
		"hidden_sinersis": "0",
		"show_in_hermes": "1",
		"is_active": "1",
		"low_at": null,
		"low_reason_id": null,
		"services1": true,
		"services2": true,
		"services3": true,
		"services4": true,
		"day1": "10:00-14:00/17:30-20:30",
		"day2": "10:00-14:00/17:30-20:30",
		"day3": "10:00-14:00/17:30-20:30",
		"day4": "10:00-14:00/17:30-20:30",
		"day5": "10:00-14:00/17:30-20:30",
		"day6": "10:00-13:30",
		"day7": null,
		"day_summary": "Lunes a Viernes: 10:00-14:00 y 17:30-20:30. Sábado: 10:00-13:30",
		"images": [
			{
				"id": "7688",
				"image": "d31770e3d159004cf7b060137b19e29bc4c5c5a8.jpg",
				"type_id": "1",
				"type_name": "Foto exterior",
				"created_at": "2015-10-28 16:34:49",
				"updated_at": "2015-10-28 16:34:49",
				"url": "http://static.sinersis.es/sales_point/tien21/2/d31770e3d159004cf7b060137b19e29bc4c5c5a8.jpg"
			}
		]
	},
	{
		"id": "3",
		"brand_id": "1",
		"brand": "Tien21",
		"territorial_id": "9",
		"territorial": "CELSA",
		"language_id": "1",
		"language_name": "Castellano",
		"province_id": "3",
		"province": "ALICANTE",
		"comunity_id": "17",
		"comunity": "Comunidad Valenciana",
		"top_ten": "0",
		"code": "101",
		"name": "Tien21 Comercial Marroqui",
		"name_tax": "COMERCIAL MARROQUI, S.L.",
		"cif": "B03442290",
		"cp": "03150",
		"city": "Dolores",
		"address": "Avda. José Rodríguez, 6",
		"lat": "38.141184",
		"lng": "-0.7676120999999512",
		"phone1": "965726014",
		"phone2": "0",
		"fax": "966711683",
		"email1": "",
		"email2": "marroquitien21@gmail.com",
		"responsible_name1": "MANUEL MARROQUÍ",
		"responsible_name2": "",
		"created_at": "1900-01-01 00:00:00",
		"updated_at": "2020-03-17 16:12:44",
		"ecommerce_name": "MANUEL MARROQUÍ",
		"ecommerce_phone": "965726014",
		"ecommerce_email": "marroquitien21@gmail.com",
		"weekday_observations": "",
		"opening_hours": [
			{
				"openDay": "MONDAY",
				"openTime": "09:30",
				"closeTime": "14:00",
				"closeDay": "MONDAY"
			},
			{
				"openDay": "MONDAY",
				"openTime": "17:00",
				"closeTime": "19:00",
				"closeDay": "MONDAY"
			},
			{
				"openDay": "TUESDAY",
				"openTime": "09:30",
				"closeTime": "14:00",
				"closeDay": "TUESDAY"
			},
			{
				"openDay": "TUESDAY",
				"openTime": "17:00",
				"closeTime": "19:00",
				"closeDay": "TUESDAY"
			},
			{
				"openDay": "WEDNESDAY",
				"openTime": "09:30",
				"closeTime": "14:00",
				"closeDay": "WEDNESDAY"
			},
			{
				"openDay": "WEDNESDAY",
				"openTime": "17:00",
				"closeTime": "19:00",
				"closeDay": "WEDNESDAY"
			},
			{
				"openDay": "THURSDAY",
				"openTime": "09:30",
				"closeTime": "14:00",
				"closeDay": "THURSDAY"
			},
			{
				"openDay": "THURSDAY",
				"openTime": "17:00",
				"closeTime": "19:00",
				"closeDay": "THURSDAY"
			},
			{
				"openDay": "FRIDAY",
				"openTime": "09:30",
				"closeTime": "14:00",
				"closeDay": "FRIDAY"
			},
			{
				"openDay": "FRIDAY",
				"openTime": "17:00",
				"closeTime": "19:00",
				"closeDay": "FRIDAY"
			},
			{
				"openDay": "SATURDAY",
				"openTime": "10:00",
				"closeTime": "14:00",
				"closeDay": "SATURDAY"
			}
		],
		"contract_signed": "1",
		"is_drop_point": "1",
		"show_in_hermes": "1",
		"is_active": "1",
		"low_at": null,
		"low_reason_id": null,
		"services1": true,
		"services2": true,
		"services3": true,
		"services4": true,
		"day1": "09:30-14:00/17:00-19:00",
		"day2": "09:30-14:00/17:00-19:00",
		"day3": "09:30-14:00/17:00-19:00",
		"day4": "09:30-14:00/17:00-19:00",
		"day5": "09:30-14:00/17:00-19:00",
		"day6": "10:00-14:00",
		"day7": null,
		"day_summary": "Lunes a Viernes: 09:30-14:00 y 17:00-19:00. Sábado: 10:00-14:00",
		"images": [
			{
				"id": "2497",
				"image": "ec8956637a99787bd197eacd77acce5e.jpg",
				"type_id": "1",
				"type_name": "Foto exterior",
				"created_at": "2011-07-04 16:40:39",
				"updated_at": "2011-07-04 16:40:39",
				"url": "http://static.sinersis.es/sales_point/tien21/3/ec8956637a99787bd197eacd77acce5e.jpg"
			}
		]
	},
	{
		"id": "5",
		"brand_id": "1",
		"brand": "Tien21",
		"territorial_id": "33",
		"territorial": "DIVELSA",
		"language_id": "1",
		"language_name": "Castellano",
		"province_id": "46",
		"province": "VALENCIA",
		"comunity_id": "17",
		"comunity": "Comunidad Valenciana",
		"top_ten": "0",
		"code": "1012",
		"name": "Tien21 Mari",
		"name_tax": "FRANCISCO MARI GONZÁLEZ",
		"cif": "73544107C",
		"cp": "46290",
		"city": "Alcàsser",
		"address": "C/ Vicente Iborra, 8",
		"lat": "39.369286",
		"lng": "-0.446761",
		"phone1": "961230867",
		"phone2": "0",
		"fax": "961230867",
		"email1": "",
		"email2": "francisco-mari@hotmail.com",
		"responsible_name1": "FRANCISCO MARI",
		"responsible_name2": "",
		"created_at": "1900-01-01 00:00:00",
		"updated_at": "2020-05-13 13:42:25",
		"ecommerce_name": "FRANCISCO MARI",
		"ecommerce_phone": "961230867",
		"ecommerce_email": "francisco-mari@hotmail.com",
		"weekday_observations": "",
		"opening_hours": [
			{
				"openDay": "MONDAY",
				"openTime": "09:30",
				"closeTime": "14:00",
				"closeDay": "MONDAY"
			},
			{
				"openDay": "MONDAY",
				"openTime": "17:00",
				"closeTime": "20:00",
				"closeDay": "MONDAY"
			},
			{
				"openDay": "TUESDAY",
				"openTime": "09:30",
				"closeTime": "14:00",
				"closeDay": "TUESDAY"
			},
			{
				"openDay": "TUESDAY",
				"openTime": "17:00",
				"closeTime": "20:00",
				"closeDay": "TUESDAY"
			},
			{
				"openDay": "WEDNESDAY",
				"openTime": "09:30",
				"closeTime": "14:00",
				"closeDay": "WEDNESDAY"
			},
			{
				"openDay": "WEDNESDAY",
				"openTime": "17:00",
				"closeTime": "20:00",
				"closeDay": "WEDNESDAY"
			},
			{
				"openDay": "THURSDAY",
				"openTime": "09:30",
				"closeTime": "14:00",
				"closeDay": "THURSDAY"
			},
			{
				"openDay": "THURSDAY",
				"openTime": "17:00",
				"closeTime": "20:00",
				"closeDay": "THURSDAY"
			},
			{
				"openDay": "FRIDAY",
				"openTime": "09:30",
				"closeTime": "14:00",
				"closeDay": "FRIDAY"
			},
			{
				"openDay": "FRIDAY",
				"openTime": "17:00",
				"closeTime": "20:00",
				"closeDay": "FRIDAY"
			},
			{
				"openDay": "SATURDAY",
				"openTime": "09:30",
				"closeTime": "14:00",
				"closeDay": "SATURDAY"
			}
		],
		"contract_signed": "1",
		"is_drop_point": "1",
		"show_in_hermes": "1",
		"show_in_hermes": "1",
		"is_active": "0",
		"low_at": null,
		"low_reason_id": null,
		"services1": true,
		"services2": true,
		"services3": true,
		"services4": true,
		"day1": "09:30-14:00/17:00-20:00",
		"day2": "09:30-14:00/17:00-20:00",
		"day3": "09:30-14:00/17:00-20:00",
		"day4": "09:30-14:00/17:00-20:00",
		"day5": "09:30-14:00/17:00-20:00",
		"day6": "09:30-14:00",
		"day7": null,
		"day_summary": "Lunes a Viernes: 09:30-14:00 y 17:00-20:00. Sábado: 09:30-14:00",
		"images": [
			{
				"id": "2504",
				"image": "6b180037abbebea991d8b1232f8a8ca9.jpg",
				"type_id": "1",
				"type_name": "Foto exterior",
				"created_at": "2011-07-04 16:40:40",
				"updated_at": "2011-10-26 13:13:12",
				"url": "http://static.sinersis.es/sales_point/tien21/5/6b180037abbebea991d8b1232f8a8ca9.jpg"
			}
		]
	},
	{
		"id": "8",
		"brand_id": "1",
		"brand": "Tien21",
		"territorial_id": "33",
		"territorial": "DIVELSA",
		"language_id": "1",
		"language_name": "Castellano",
		"province_id": "46",
		"province": "VALENCIA",
		"comunity_id": "17",
		"comunity": "Comunidad Valenciana",
		"top_ten": "1",
		"code": "1024",
		"name": "Tien21 Moscardo",
		"name_tax": "ELECTRODOMESTICOS MOSCARDO E HIJOS, S.L. ",
		"cif": "B96129531",
		"cp": "46830",
		"city": "Benigànim",
		"address": "Dr. Benavent, 12",
		"lat": "38.941902",
		"lng": "-0.444184",
		"phone1": "962215589",
		"phone2": "0",
		"fax": "962215529",
		"email1": "",
		"email2": "tien21moscardo@gmail.com",
		"responsible_name1": "JOSÉ MOSCARDÓ",
		"responsible_name2": "",
		"created_at": "1900-01-01 00:00:00",
		"updated_at": "2020-05-12 15:45:49",
		"ecommerce_name": "JOSÉ MOSCARDÓ",
		"ecommerce_phone": "962215589",
		"ecommerce_email": "tien21moscardo@gmail.com",
		"weekday_observations": "",
		"opening_hours": [
			{
				"openDay": "MONDAY",
				"openTime": "10:00",
				"closeTime": "13:30",
				"closeDay": "MONDAY"
			},
			{
				"openDay": "MONDAY",
				"openTime": "17:00",
				"closeTime": "20:30",
				"closeDay": "MONDAY"
			},
			{
				"openDay": "TUESDAY",
				"openTime": "10:00",
				"closeTime": "13:30",
				"closeDay": "TUESDAY"
			},
			{
				"openDay": "TUESDAY",
				"openTime": "17:00",
				"closeTime": "20:30",
				"closeDay": "TUESDAY"
			},
			{
				"openDay": "WEDNESDAY",
				"openTime": "10:00",
				"closeTime": "13:30",
				"closeDay": "WEDNESDAY"
			},
			{
				"openDay": "WEDNESDAY",
				"openTime": "17:00",
				"closeTime": "20:30",
				"closeDay": "WEDNESDAY"
			},
			{
				"openDay": "THURSDAY",
				"openTime": "10:00",
				"closeTime": "13:30",
				"closeDay": "THURSDAY"
			},
			{
				"openDay": "THURSDAY",
				"openTime": "17:00",
				"closeTime": "20:30",
				"closeDay": "THURSDAY"
			},
			{
				"openDay": "FRIDAY",
				"openTime": "10:00",
				"closeTime": "13:30",
				"closeDay": "FRIDAY"
			},
			{
				"openDay": "FRIDAY",
				"openTime": "17:00",
				"closeTime": "20:30",
				"closeDay": "FRIDAY"
			},
			{
				"openDay": "SATURDAY",
				"openTime": "10:00",
				"closeTime": "14:00",
				"closeDay": "SATURDAY"
			}
		],
		"contract_signed": "1",
		"is_drop_point": "1",
		"show_in_hermes": "1",
		"show_in_hermes": "1",
		"is_active": "1",
		"low_at": null,
		"low_reason_id": null,
		"services1": true,
		"services2": true,
		"services3": true,
		"services4": true,
		"day1": "10:00-13:30/17:00-20:30",
		"day2": "10:00-13:30/17:00-20:30",
		"day3": "10:00-13:30/17:00-20:30",
		"day4": "10:00-13:30/17:00-20:30",
		"day5": "10:00-13:30/17:00-20:30",
		"day6": "10:00-14:00",
		"day7": null,
		"day_summary": "Lunes a Viernes: 10:00-13:30 y 17:00-20:30. Sábado: 10:00-14:00",
		"images": [
			{
				"id": "2507",
				"image": "82b8a3434904411a9fdc43ca87cee70c.jpg",
				"type_id": "1",
				"type_name": "Foto exterior",
				"created_at": "2011-07-04 16:40:41",
				"updated_at": "2011-07-04 16:40:41",
				"url": "http://static.sinersis.es/sales_point/tien21/8/82b8a3434904411a9fdc43ca87cee70c.jpg"
			}
		]
	}
]