﻿MD5 Hash,WU ID,Name,Country,Page URL
c9bbb4c97260e3f1e35e18d34f547146,AAT004243,KROGER #449,US,https://location.westernunion.com/us/ms/richland/c9bbb4c97260e3f1e35e18d34f547146
614bfa16d8e00c30498d7c93df45675c,AAT008687,BI-LO #5089,US,https://location.westernunion.com/us/sc/inman/614bfa16d8e00c30498d7c93df45675c
b8cae25a40e3d77830ff5720706291a4,AAT004254,KROGER #517,US,https://location.westernunion.com/us/al/huntsville/b8cae25a40e3d77830ff5720706291a4
290024fe12a3bd873ae8c1be343f5fc5,AAT005222,PIGGLY WIGGLY #514,US,https://location.westernunion.com/us/ky/hopkinsville/290024fe12a3bd873ae8c1be343f5fc5
c04547d67b9b45fd5c47fe0a076b889d,AAT004957,CHECK DEPOT #3,US,https://location.westernunion.com/us/al/midfield/c04547d67b9b45fd5c47fe0a076b889d
dc6749739d2520bc4623d9b0284b731c,AAT007873,KROGER #609,US,https://location.westernunion.com/us/ga/savannah/dc6749739d2520bc4623d9b0284b731c
8dcd962b5a8cb664fe19b093dda6d8f6,AAT005552,PLS CHECK CASHERS CC193,US,https://location.westernunion.com/us/ky/louisville/8dcd962b5a8cb664fe19b093dda6d8f6
d3f8d7cbee50f33fd042d4b3c96f7ebe,AAT037122,DOLLAR GENERAL #6495,US,https://location.westernunion.com/us/fl/silver-springs/d3f8d7cbee50f33fd042d4b3c96f7ebe
6120e9f55451cce7a79d43639b333be6,AAT036077,DOLLAR GENERAL #6377,US,https://location.westernunion.com/us/tn/estill-springs/6120e9f55451cce7a79d43639b333be6
