{
  // Run mode:
  // {"encrypted"-input files are encrypted,
  //  "decrypted"-input files are dencrypted,
  //  "logonly"-task does nothing but writing a message to Logentries}
  "runMode": "encrypted",

  // Batch
  "batchAccountName": "ldmetlbatchdev",
  "batchAccountKey": "8BT2lWMLJVj4Gktg9U0ZT0ZYu4pXjRBq21vrOV8CcxwOEebMVcQ94KMvKHveMVamHcOUT9TmfelA3OnKUHWVfw==",
  "batchServiceUrl": "https://ldmetlbatchdev.eastus.batch.azure.com",
  "poolTargetNodeCount": 5,
  "poolNodeVirtualMachineSize": "standard_a1_v2",
  "poolOSFamily": "6",
  "nodeAgentSkuId": "batch.node.windows amd64",
  "imageReferencePublisher": "MicrosoftWindowsServer",
  "imageReferenceOffer": "WindowsServer",
  "imageReferenceSku": "2022-datacenter-smalldisk",
  "imageReferenceVersion": "latest",
  "poolId": "Pool-Norauto-Batch",
  "shouldDeleteJob": true,
  "shouldDeletePool": true,
  "PoolResizeTimeoutMin": 30,
  "taskTimeOutHrs": 24,
  "taskCommandLine": "cmd /c {0}\\DAC.ETL.Norauto.exe {1} {2} {3} {4} ",
  "NotificationTaskCommandLine": "cmd /c {0}\\DAC.ETL.Email.exe {1} ",

  // Storage
  "storageAccountName": "ldmetldev",
  "storageAccountKey": "AgcorrfoHxjdll4UkgJB/uPXaoUogFwMUEhy1+sKaWXO0VrC57jeMLDX76cQGL/SA6GU2GiRbQjjC//910prKQ==",
  "storageServiceUrl": "core.windows.net",
  "blobContainer": "norauto-ldm-etl",
  "emailContainer": "norauto-ldm-etl-email",
  "blobSharedAccessExpiryTime": 48,
  "metaDataTable": "norautoETLMetaData",
  "storageTable": "norautoETLFileInfo",
  //"storageErrorsTable": "norautoETLFileErrors",
  "reportMetaDataTable": "norautoETLReportMetaData",
  "inputFilesDownloadFolder": "InputFiles",

  // Ftp

  // DAC Ftp -  File names returned WITHOUT Pathes
  "ftpHost": "ftp://sftp.dacgroup.com/",
  "ftpPath": "/Norauto/Dev",
  "ftpLogin": "LdmFtpTestUser4dacgroup.com",
  "ftpPassword": "DgJ5@7l%",

  //Notauto Test FTP - File names returned WITH Pathes
  //"ftpHost": "ftp://ftp67.d-extranet.norauto.fr",
  //"ftpPath": "/OUT",
  //"ftpLogin": "DAC-qual",
  //"ftpPassword": "Da/cr5a#s7",

  "ftpPort": 21,
  "ftpDataConnectionReadTimeout": 280000,
  "ftpDataConnectionConnectTimeout": 280000,
  "ftpRemoveFilesAfterCompletion": false,
  "ftpFilesExtentions": "xml",

  // AppPackage
  "AppPackageId": "norautoEtl",
  "AppPackageVersion": "1.0",
  "NotificationAppPackageId": "norautoNotification",
  "NotificationAppPackageVersion": "1.0",

  // Logging
  "LogEventLevel": "Debug",
  /*
      LDM_ETL_NA set.
         Beta_NA:          d2b5cd69-54f8-4d4a-a7f8-4e556fc4b289
         PostBeta(UAT)_NA: 5970188b-92b9-4e01-9857-8f0f6da00611
         PreBeta_NA:       95a842b9-f755-4197-94aa-3e0df35d99fe
         Prod_NA:          c9c902e0-1e1f-429d-8f5b-1df47147275c
    */
  "LogEntriesToken": "d2b5cd69-54f8-4d4a-a7f8-4e556fc4b289"
}
