<?xml version="1.0" encoding="UTF-8"?>
<enfinity xmlns="http://constellation.com/generic/enfinity/bc_uas_impex/division" xmlns:dt="http://www.intershop.com/xml/ns/enfinity/6.5/core/impex-dt" xmlns:xsi="http://www.w3.org/2001/XMLSchema-instance" xsi:schemaLocation="http://www.intershop.com/xml/ns/enfinity/6.5/core/impex-dt dt.xsd http://constellation.com/generic/enfinity/bc_uas_impex/division division.xsd">
   <init value="true" />
   <division import-mode="UPDATE" enseigne="Norauto" language="es" code="0518" company="NOR" name="Norauto VALENCIA ALBORAYA" ref="1">
      <address>
         <status>Open</status>
         <physicalAddress>
            <line1>centro comercial alcampo</line1>
            <line2>ctra. v-21 salida 2</line2>
            <zipcode>46120</zipcode>
            <city>alboraya</city>
            <country>es</country>
            <gps-coordinates latitude="39.5039" longitude="-0.3237" />
         </physicalAddress>
         <contact email="mag301@norauto.es" fax="96 372 32 64" phone="963559211" />
         <timetables>
         <timetable type="0_0_m_s">1000</timetable> 
             <timetable type="0_0_m_e">0000</timetable> 
             <timetable type="0_0_a_s">0000</timetable> 
             <timetable type="0_0_s_e">2100</timetable>
			 <timetable type="0_1_m_s">0000</timetable> 
             <timetable type="0_1_m_e">0000</timetable> 
             <timetable type="0_1_a_s">0000</timetable> 
             <timetable type="0_1_s_e">0000</timetable>
			 <timetable type="0_2_m_s">0930</timetable> 
             <timetable type="0_2_m_e">0000</timetable> 
             <timetable type="0_2_a_s">0000</timetable> 
             <timetable type="0_2_s_e">2100</timetable>
			 <timetable type="0_3_m_s">1030</timetable> 
             <timetable type="0_3_m_e">0000</timetable> 
             <timetable type="0_3_a_s">0000</timetable> 
             <timetable type="0_3_s_e">2200</timetable>
			 <timetable type="0_4_m_s">1030</timetable> 
             <timetable type="0_4_m_e">0000</timetable> 
             <timetable type="0_4_a_s">0000</timetable> 
             <timetable type="0_4_s_e">2200</timetable>
			 <timetable type="0_5_m_s">0830</timetable> 
             <timetable type="0_5_m_e">0000</timetable> 
             <timetable type="0_5_a_s">0000</timetable> 
             <timetable type="0_5_s_e">2200</timetable>
			 <timetable type="0_6_m_s">0830</timetable> 
             <timetable type="0_6_m_e">0000</timetable> 
             <timetable type="0_6_a_s">0000</timetable> 
             <timetable type="0_6_s_e">2200</timetable>
            <timetable type="special_open_20230409_m_s">0000</timetable>
            <timetable type="special_open_20230409_s_e">0000</timetable>
			<timetable type="special_open_20240509_m_s">0000</timetable>
            <timetable type="special_open_20240509_m_e">0000</timetable>
			<timetable type="special_close_20230719_m_s">0900</timetable>
            <timetable type="special_close_20230719_m_e">1200</timetable>
			<timetable type="special_close_20230719_a_s">1300</timetable>
            <timetable type="special_close_20230719_s_e">2200</timetable>
			<timetable type="special_open_20241229_a_s">0900</timetable>
            <timetable type="special_open_20241229_s_e">1100</timetable>
         </timetables>
      </address>
      <custom-attributes>
         <custom-attribute dt:dt="boolean" name="EReservable">true</custom-attribute>
         <custom-attribute dt:dt="boolean" name="FlagCmd">true</custom-attribute>
         <custom-attribute dt:dt="boolean" name="FlagForm">true</custom-attribute>
         <custom-attribute dt:dt="string" name="FlagPro">false</custom-attribute>
      </custom-attributes>
   </division>
   <division import-mode="UPDATE" enseigne="Norauto" language="es" code="0519" company="NOR" name="Norauto LA RIOJA LOGROÑO" ref="1">
      <address>
         <status>Open</status>
         <physicalAddress>
             <line1>centro cial. as termasssss</line1>
            <line2>av. infanta elena duquesa lugo</line2>
            <zipcode>27003</zipcode>
            <city>lugo</city>
            <country>es</country>
            <gps-coordinates latitude="42.45325" longitude="-2.47159" />
         </physicalAddress>
         <contact email="MAG302@norauto.es" fax="941 51 94 07" phone="941519405" />
         <timetables>
             <timetable type="0_0_m_s">0900</timetable> 
             <timetable type="0_0_m_e">0000</timetable> 
             <timetable type="0_0_a_s">0000</timetable> 
             <timetable type="0_0_s_e">2200</timetable>
			 <timetable type="0_1_m_s">0000</timetable> 
             <timetable type="0_1_m_e">0000</timetable> 
             <timetable type="0_1_a_s">0000</timetable> 
             <timetable type="0_1_s_e">0000</timetable>
			 <timetable type="0_2_m_s">0830</timetable> 
             <timetable type="0_2_m_e">0000</timetable> 
             <timetable type="0_2_a_s">0000</timetable> 
             <timetable type="0_2_s_e">2200</timetable>
			 <timetable type="0_3_m_s">1030</timetable> 
             <timetable type="0_3_m_e">0000</timetable> 
             <timetable type="0_3_a_s">0000</timetable> 
             <timetable type="0_3_s_e">2200</timetable>
			 <timetable type="0_4_m_s">1030</timetable> 
             <timetable type="0_4_m_e">0000</timetable> 
             <timetable type="0_4_a_s">0000</timetable> 
             <timetable type="0_4_s_e">2200</timetable>
			 <timetable type="0_5_m_s">0830</timetable> 
             <timetable type="0_5_m_e">0000</timetable> 
             <timetable type="0_5_a_s">0000</timetable> 
             <timetable type="0_5_s_e">2200</timetable>
			 <timetable type="0_6_m_s">0830</timetable> 
             <timetable type="0_6_m_e">0000</timetable> 
             <timetable type="0_6_a_s">0000</timetable> 
             <timetable type="0_6_s_e">2200</timetable>
            <timetable type="special_open_20230409_m_s">0000</timetable>
            <timetable type="special_open_20230409_s_e">0000</timetable>
			<timetable type="special_open_20240509_m_s">0000</timetable>
            <timetable type="special_open_20240509_m_e">0000</timetable>
			<timetable type="special_close_20230719_m_s">0900</timetable>
            <timetable type="special_close_20230719_m_e">1200</timetable>
			<timetable type="special_close_20230719_a_s">1300</timetable>
            <timetable type="special_close_20230719_s_e">2200</timetable>
			<timetable type="special_open_20241229_a_s">0900</timetable>
            <timetable type="special_open_20241229_s_e">1100</timetable>
         </timetables>
      </address>
      <custom-attributes>
         <custom-attribute dt:dt="boolean" name="EReservable">true</custom-attribute>
         <custom-attribute dt:dt="boolean" name="FlagCmd">true</custom-attribute>
         <custom-attribute dt:dt="boolean" name="FlagForm">true</custom-attribute>
         <custom-attribute dt:dt="string" name="FlagPro">false</custom-attribute>
      </custom-attributes>
   </division>
   </enfinity>